site,asset,scale,x,y,z,yaw_deg,W,H,D,role,support,outside_cell
Barrel01,FP_Alpine_Barrel,0.650,135.00,5.80,37.50,0.0,2.27,2.93,2.27,Stacked,Walkways/TerraceSnow,false
Barrel02,FP_Alpine_Barrel,0.650,134.50,5.80,33.50,20.0,2.27,2.93,2.27,Stacked,Walkways/TerraceSnow,false
Barrel03,FP_Alpine_Barrel,0.650,135.00,5.80,52.00,0.0,2.27,2.93,2.27,Stacked,Walkways/TerraceSnow,false
Barrel04,FP_Alpine_Barrel,0.650,99.00,5.80,55.50,0.0,2.27,2.93,2.27,Stacked,Walkways/TerraceSnow,false
Bridge01,FP_Alpine_Bridge,1.000,-115.75,7.30,39.00,5.9,10.00,7.50,34.00,Stacked,Walkways/ShelfTop,false
CliffBlock01,FP_Alpine_Cliff_Block,1.000,92.00,0.30,81.00,12.0,14.00,12.00,12.00,Grounded,Ground,false
CliffBlock02,FP_Alpine_Cliff_Block,1.000,49.00,0.30,91.00,-8.0,14.00,12.00,12.00,Grounded,Ground,false
CliffBlock03,FP_Alpine_Cliff_Block,1.000,43.00,0.30,80.00,20.0,14.00,12.00,12.00,Grounded,Ground,false
CliffBlock04,FP_Alpine_Cliff_Block,1.000,-66.00,0.30,91.00,-5.0,14.00,12.00,12.00,Grounded,Ground,false
CliffBlock05,FP_Alpine_Cliff_Block,1.000,116.00,0.30,-41.00,10.0,14.00,12.00,12.00,Grounded,Ground,false
CliffBlock06,FP_Alpine_Cliff_Block,1.200,98.00,0.30,-60.00,-15.0,16.80,14.40,14.40,Grounded,Ground,false
CliffBlock07,FP_Alpine_Cliff_Block,1.300,-114.50,0.30,-34.00,8.0,18.20,15.60,15.60,Grounded,Ground,false
CliffBlock08,FP_Alpine_Cliff_Block,1.000,-131.00,0.30,-40.00,-90.0,14.00,12.00,12.00,Grounded,Ground,false
CliffTall01,FP_Alpine_Cliff_Tall,1.000,118.00,0.30,86.15,4.0,25.00,34.00,22.00,Grounded,Ground,false
CliffTall02,FP_Alpine_Cliff_Tall,1.000,-105.00,0.30,86.36,-3.0,25.00,34.00,22.00,Grounded,Ground,false
CliffTall03,FP_Alpine_Cliff_Tall,1.000,-127.00,0.30,85.00,-90.0,25.00,34.00,22.00,Grounded,Ground,false
CliffWide01,FP_Alpine_Cliff_Wide,1.000,104.00,0.30,86.04,-6.0,29.00,20.00,21.00,Grounded,Ground,false
CliffWide02,FP_Alpine_Cliff_Wide,1.000,72.00,0.30,86.76,3.0,29.00,20.00,21.00,Grounded,Ground,false
CliffWide03,FP_Alpine_Cliff_Wide,1.000,-86.00,0.30,86.00,4.0,29.00,20.00,21.00,Grounded,Ground,false
CliffWide04,FP_Alpine_Cliff_Wide,1.000,112.00,0.30,-14.00,-5.0,29.00,20.00,21.00,Grounded,Ground,false
Crate01,FP_Alpine_Crate,0.650,131.00,5.80,36.00,15.0,2.93,2.93,2.93,Stacked,Walkways/TerraceSnow,false
Crate02,FP_Alpine_Crate,0.650,131.00,8.73,36.00,27.0,2.93,2.93,2.93,Stacked,PropSites/Crate01,false
Drift01,FP_Alpine_Snow_Drift,0.800,113.09,0.30,-26.45,-5.0,10.40,2.00,6.40,Grounded,Ground,false
Drift02,FP_Alpine_Snow_Drift,0.800,114.61,0.30,-48.88,10.0,10.40,2.00,6.40,Grounded,Ground,false
Drift03,FP_Alpine_Snow_Drift,0.800,100.38,0.30,-68.89,-15.0,10.40,2.00,6.40,Grounded,Ground,false
Drift04,FP_Alpine_Snow_Drift,0.800,-115.86,0.30,-43.70,8.0,10.40,2.00,6.40,Grounded,Ground,false
Drift05,FP_Alpine_Snow_Drift,0.800,-123.00,0.30,-40.00,-90.0,10.40,2.00,6.40,Grounded,Ground,false
Drift06,FP_Alpine_Snow_Drift,1.000,133.00,0.30,-60.00,90.0,13.00,2.50,8.00,Grounded,Ground,false
Drift07,FP_Alpine_Snow_Drift,0.900,133.00,0.30,-40.00,90.0,11.70,2.25,7.20,Grounded,Ground,false
Drift08,FP_Alpine_Snow_Drift,1.000,131.50,0.30,-94.00,0.0,13.00,2.50,8.00,Grounded,Ground,false
Drift09,FP_Alpine_Snow_Drift,1.000,104.00,0.30,-92.00,5.0,13.00,2.50,8.00,Grounded,Ground,false
Drift10,FP_Alpine_Snow_Drift,1.000,-133.00,0.30,-55.00,90.0,13.00,2.50,8.00,Grounded,Ground,false
Drift11,FP_Alpine_Snow_Drift,0.900,-133.00,0.30,0.00,90.0,11.70,2.25,7.20,Grounded,Ground,false
Drift12,FP_Alpine_Snow_Drift,1.000,-131.50,0.30,-94.00,0.0,13.00,2.50,8.00,Grounded,Ground,false
Drift13,FP_Alpine_Snow_Drift,1.000,-104.00,0.30,-92.00,-5.0,13.00,2.50,8.00,Grounded,Ground,false
Drift14,FP_Alpine_Snow_Drift,0.900,78.00,0.30,-94.00,0.0,11.70,2.25,7.20,Grounded,Ground,false
Drift15,FP_Alpine_Snow_Drift,0.900,-78.00,0.30,-94.00,0.0,11.70,2.25,7.20,Grounded,Ground,false
Drift16,FP_Alpine_Snow_Drift,0.900,106.00,0.30,-24.00,10.0,11.70,2.25,7.20,Grounded,Ground,false
Drift17,FP_Alpine_Snow_Drift,0.900,-110.00,0.30,-48.00,-15.0,11.70,2.25,7.20,Grounded,Ground,false
Drift18,FP_Alpine_Snow_Drift,0.800,60.00,0.30,62.00,20.0,10.40,2.00,6.40,Grounded,Ground,false
Drift19,FP_Alpine_Snow_Drift,0.800,-60.00,0.30,64.00,-20.0,10.40,2.00,6.40,Grounded,Ground,false
Drift20,FP_Alpine_Snow_Drift,0.800,-88.00,0.30,30.00,0.0,10.40,2.00,6.40,Grounded,Ground,false
Drift21,FP_Alpine_Snow_Drift,0.800,88.00,0.30,14.00,0.0,10.40,2.00,6.40,Grounded,Ground,false
Drift22,FP_Alpine_Snow_Drift,0.800,97.00,0.30,25.50,0.0,10.40,2.00,6.40,Grounded,Ground,false
Drift23,FP_Alpine_Snow_Drift,0.800,131.00,0.30,25.50,0.0,10.40,2.00,6.40,Grounded,Ground,false
Drift24,FP_Alpine_Snow_Drift,0.900,133.00,0.30,-75.00,90.0,11.70,2.25,7.20,Grounded,Ground,false
Drift25,FP_Alpine_Snow_Drift,1.000,133.00,0.30,-20.00,90.0,13.00,2.50,8.00,Grounded,Ground,false
Drift26,FP_Alpine_Snow_Drift,0.800,133.00,0.30,8.00,90.0,10.40,2.00,6.40,Grounded,Ground,false
Drift27,FP_Alpine_Snow_Drift,0.900,-133.00,0.30,-80.00,90.0,11.70,2.25,7.20,Grounded,Ground,false
Drift28,FP_Alpine_Snow_Drift,1.000,-133.00,0.30,-32.00,90.0,13.00,2.50,8.00,Grounded,Ground,false
Drift29,FP_Alpine_Snow_Drift,0.800,-133.00,0.30,-12.00,90.0,10.40,2.00,6.40,Grounded,Ground,false
Drift30,FP_Alpine_Snow_Drift,0.900,32.00,0.30,93.00,0.0,11.70,2.25,7.20,Grounded,Ground,false
Drift31,FP_Alpine_Snow_Drift,0.900,-32.00,0.30,93.00,0.0,11.70,2.25,7.20,Grounded,Ground,false
Drift32,FP_Alpine_Snow_Drift,0.800,58.00,0.30,-94.00,0.0,10.40,2.00,6.40,Grounded,Ground,false
Drift33,FP_Alpine_Snow_Drift,0.800,-52.00,0.30,-94.00,0.0,10.40,2.00,6.40,Grounded,Ground,false
Fir01,FP_Alpine_Fir_Medium,0.900,-66.00,12.30,91.00,-115.3,9.90,16.20,9.90,Stacked,PropSites/CliffBlock04,false
Fir02,FP_Alpine_Fir_Medium,1.000,-86.00,20.30,86.00,-80.4,11.00,18.00,11.00,Stacked,PropSites/CliffWide03,false
Fir03,FP_Alpine_Fir_Medium,0.900,-127.00,34.30,85.00,-10.5,9.90,16.20,9.90,Stacked,PropSites/CliffTall03,false
Fir04,FP_Alpine_Fir_Tall,1.192,113.00,0.30,-34.60,35.0,17.88,31.00,17.88,Grounded,Ground,false
Fir05,FP_Alpine_Fir_Medium,1.319,130.74,0.30,-18.40,69.9,14.51,23.75,14.51,Grounded,Ground,false
Fir06,FP_Alpine_Fir_Medium,0.929,123.60,0.30,-30.80,104.9,10.22,16.72,10.22,Grounded,Ground,false
Fir07,FP_Alpine_Fir_Medium,1.182,91.80,0.30,-49.00,139.8,13.00,21.28,13.00,Grounded,Ground,false
Fir08,FP_Alpine_Fir_Tall,1.073,127.40,0.30,-75.90,174.8,16.10,27.90,16.10,Grounded,Ground,false
Fir09,FP_Alpine_Fir_Medium,0.918,114.60,0.30,-63.80,-150.3,10.10,16.53,10.10,Grounded,Ground,false
Fir10,FP_Alpine_Fir_Medium,0.739,133.70,0.30,-82.80,-115.3,8.13,13.30,8.13,Grounded,Ground,false
Fir11,FP_Alpine_Fir_Medium,0.760,125.30,0.30,-85.00,-80.4,8.36,13.68,8.36,Grounded,Ground,false
Fir12,FP_Alpine_Fir_Sapling,1.000,108.20,0.30,-68.10,-45.4,6.00,10.00,6.00,Grounded,Ground,false
Fir13,FP_Alpine_Fir_Medium,1.129,124.60,0.30,2.50,-10.5,12.42,20.33,12.42,Grounded,Ground,false
Fir14,FP_Alpine_Fir_Medium,0.908,133.01,0.30,3.00,24.5,9.99,16.34,9.99,Grounded,Ground,false
Fir15,FP_Alpine_Fir_Sapling,1.200,115.20,0.30,2.00,59.4,7.20,12.00,7.20,Grounded,Ground,false
Fir16,FP_Alpine_Fir_Medium,0.897,100.80,0.30,-3.50,94.4,9.87,16.15,9.87,Grounded,Ground,false
Fir17,FP_Alpine_Fir_Sapling,1.250,71.00,0.30,-84.50,129.3,7.50,12.50,7.50,Grounded,Ground,false
Fir18,FP_Alpine_Fir_Medium,0.760,44.20,0.30,-84.00,164.3,8.36,13.68,8.36,Grounded,Ground,false
Fir19,FP_Alpine_Fir_Medium,1.056,-48.90,0.30,-84.00,-160.8,11.61,19.00,11.61,Grounded,Ground,false
Fir20,FP_Alpine_Fir_Medium,0.813,-56.40,0.30,-81.50,-125.8,8.94,14.63,8.94,Grounded,Ground,false
Fir21,FP_Alpine_Fir_Sapling,0.600,-84.20,0.30,-86.00,-90.9,3.60,6.00,3.60,Grounded,Ground,false
Fir22,FP_Alpine_Fir_Medium,1.119,59.50,0.30,73.40,-55.9,12.31,20.14,12.31,Grounded,Ground,false
Fir23,FP_Alpine_Fir_Tall,0.906,39.60,0.30,88.00,-21.0,13.59,23.56,13.59,Grounded,Ground,false
Fir24,FP_Alpine_Fir_Sapling,1.150,58.30,0.30,94.55,14.0,6.90,11.50,6.90,Grounded,Ground,false
Fir25,FP_Alpine_Fir_Sapling,0.800,47.30,0.30,95.60,48.9,4.80,8.00,4.80,Grounded,Ground,false
Fir26,FP_Alpine_Fir_Medium,1.056,24.50,0.30,70.20,83.9,11.61,19.00,11.61,Grounded,Ground,false
Fir27,FP_Alpine_Fir_Medium,1.161,88.00,0.30,80.00,118.8,12.77,20.90,12.77,Grounded,Ground,false
Fir28,FP_Alpine_Fir_Medium,0.633,134.52,5.80,73.50,153.8,6.97,11.40,6.97,Stacked,Walkways/TerraceSnow,false
Fir29,FP_Alpine_Fir_Tall,0.954,-56.80,0.30,77.70,-171.3,14.31,24.80,14.31,Grounded,Ground,false
Fir30,FP_Alpine_Fir_Medium,0.897,-52.20,0.30,93.00,-136.3,9.87,16.15,9.87,Grounded,Ground,false
Fir31,FP_Alpine_Fir_Tall,0.954,-93.70,0.30,76.00,-101.4,14.31,24.80,14.31,Grounded,Ground,false
Fir32,FP_Alpine_Fir_Medium,0.771,-130.80,0.30,56.80,-66.4,8.48,13.87,8.48,Grounded,Ground,false
Fir33,FP_Alpine_Fir_Sapling,1.100,-132.10,0.30,41.00,-31.5,6.60,11.00,6.60,Grounded,Ground,false
Fir34,FP_Alpine_Fir_Medium,0.771,-86.40,0.30,-46.70,3.5,8.48,13.87,8.48,Grounded,Ground,false
Fir35,FP_Alpine_Fir_Medium,0.771,-95.80,0.30,-39.50,38.4,8.48,13.87,8.48,Grounded,Ground,false
Fir36,FP_Alpine_Fir_Sapling,1.050,-100.60,0.30,-43.30,73.4,6.30,10.50,6.30,Grounded,Ground,false
Fir37,FP_Alpine_Fir_Tall,1.013,-114.90,0.30,-64.70,108.3,15.20,26.35,15.20,Grounded,Ground,false
Fir38,FP_Alpine_Fir_Medium,1.267,-105.60,0.30,-77.90,143.3,13.93,22.80,13.93,Grounded,Ground,false
Fir39,FP_Alpine_Fir_Medium,0.982,-129.30,0.30,-63.00,178.2,10.80,17.67,10.80,Grounded,Ground,false
Fir40,FP_Alpine_Fir_Medium,0.908,-131.90,0.30,-80.60,-146.8,9.99,16.34,9.99,Grounded,Ground,false
Fir41,FP_Alpine_Fir_Medium,1.267,-126.50,0.30,-28.70,-111.9,13.93,22.80,13.93,Grounded,Ground,false
Fir42,FP_Alpine_Fir_Medium,0.823,-133.47,0.30,-17.00,-76.9,9.06,14.82,9.06,Grounded,Ground,false
Fir43,FP_Alpine_Fir_Medium,0.929,-99.00,0.30,-17.60,-42.0,10.22,16.72,10.22,Grounded,Ground,false
Fir44,FP_Alpine_Fir_Medium,0.781,-104.70,0.30,-19.50,-7.0,8.59,14.06,8.59,Grounded,Ground,false
Fir45,FP_Alpine_Fir_Sapling,0.920,-84.60,0.30,-85.60,27.9,5.52,9.20,5.52,Grounded,Ground,false
FlankFir01,FP_Alpine_Fir_Tall,1.000,-147.00,0.12,-92.00,-7.0,15.00,26.00,15.00,Stacked,Landmarks/Flanks/FlankSnow,true
FlankFir02,FP_Alpine_Fir_Medium,1.222,-149.00,0.12,-75.60,27.9,13.44,22.00,13.44,Stacked,Landmarks/Flanks/FlankSnow,true
FlankFir03,FP_Alpine_Fir_Tall,1.115,-151.00,0.12,-59.20,62.9,16.73,29.00,16.73,Stacked,Landmarks/Flanks/FlankSnow,true
FlankFir04,FP_Alpine_Fir_Tall,1.038,-148.00,0.12,-42.80,97.8,15.58,27.00,15.58,Stacked,Landmarks/Flanks/FlankSnow,true
FlankFir05,FP_Alpine_Fir_Medium,1.167,-150.00,0.12,-26.40,132.8,12.83,21.00,12.83,Stacked,Landmarks/Flanks/FlankSnow,true
FlankFir06,FP_Alpine_Fir_Tall,1.154,-147.00,0.12,-10.00,167.7,17.31,30.00,17.31,Stacked,Landmarks/Flanks/FlankSnow,true
FlankFir07,FP_Alpine_Fir_Tall,1.077,-149.00,0.12,6.40,-157.3,16.15,28.00,16.15,Stacked,Landmarks/Flanks/FlankSnow,true
FlankFir08,FP_Alpine_Fir_Medium,1.111,-151.00,0.12,22.80,-122.4,12.22,20.00,12.22,Stacked,Landmarks/Flanks/FlankSnow,true
FlankFir09,FP_Alpine_Fir_Tall,1.192,-148.00,0.12,39.20,-87.4,17.88,31.00,17.88,Stacked,Landmarks/Flanks/FlankSnow,true
FlankFir10,FP_Alpine_Fir_Tall,1.115,-150.00,0.12,55.60,-52.5,16.73,29.00,16.73,Stacked,Landmarks/Flanks/FlankSnow,true
FlankFir11,FP_Alpine_Fir_Medium,1.056,-147.00,0.12,72.00,-17.5,11.61,19.00,11.61,Stacked,Landmarks/Flanks/FlankSnow,true
FlankFir12,FP_Alpine_Fir_Tall,1.231,-149.00,0.12,88.40,17.4,18.46,32.00,18.46,Stacked,Landmarks/Flanks/FlankSnow,true
FlankFir13,FP_Alpine_Fir_Tall,1.038,-160.00,0.12,-82.00,52.4,15.58,27.00,15.58,Stacked,Landmarks/Flanks/FlankSnow,true
FlankFir14,FP_Alpine_Fir_Tall,1.154,-171.00,0.12,-65.60,87.3,17.31,30.00,17.31,Stacked,Landmarks/Flanks/FlankSnow,true
FlankFir15,FP_Alpine_Fir_Medium,1.222,-170.00,0.12,-49.20,122.3,13.44,22.00,13.44,Stacked,Landmarks/Flanks/FlankSnow,true
FlankFir16,FP_Alpine_Fir_Tall,1.154,-169.00,0.12,-32.80,157.2,17.31,30.00,17.31,Stacked,Landmarks/Flanks/FlankSnow,true
FlankFir17,FP_Alpine_Fir_Tall,1.038,-168.00,0.12,-16.40,-167.8,15.58,27.00,15.58,Stacked,Landmarks/Flanks/FlankSnow,true
FlankFir18,FP_Alpine_Fir_Tall,1.154,-167.00,0.12,0.00,-132.9,17.31,30.00,17.31,Stacked,Landmarks/Flanks/FlankSnow,true
FlankFir19,FP_Alpine_Fir_Medium,1.222,-166.00,0.12,16.40,-97.9,13.44,22.00,13.44,Stacked,Landmarks/Flanks/FlankSnow,true
FlankFir20,FP_Alpine_Fir_Tall,1.154,-165.00,0.12,32.80,-63.0,17.31,30.00,17.31,Stacked,Landmarks/Flanks/FlankSnow,true
FlankFir21,FP_Alpine_Fir_Tall,1.038,-164.00,0.12,49.20,-28.0,15.58,27.00,15.58,Stacked,Landmarks/Flanks/FlankSnow,true
FlankFir22,FP_Alpine_Fir_Tall,1.154,-163.00,0.12,65.60,6.9,17.31,30.00,17.31,Stacked,Landmarks/Flanks/FlankSnow,true
FlankFir23,FP_Alpine_Fir_Medium,1.222,-162.00,0.12,82.00,41.9,13.44,22.00,13.44,Stacked,Landmarks/Flanks/FlankSnow,true
FlankFir24,FP_Alpine_Fir_Tall,1.000,147.00,0.12,-88.00,76.8,15.00,26.00,15.00,Stacked,Landmarks/Flanks/FlankSnow,true
FlankFir25,FP_Alpine_Fir_Medium,1.222,149.00,0.12,-71.60,111.8,13.44,22.00,13.44,Stacked,Landmarks/Flanks/FlankSnow,true
FlankFir26,FP_Alpine_Fir_Tall,1.115,151.00,0.12,-55.20,146.7,16.73,29.00,16.73,Stacked,Landmarks/Flanks/FlankSnow,true
FlankFir27,FP_Alpine_Fir_Tall,1.038,148.00,0.12,-38.80,-178.3,15.58,27.00,15.58,Stacked,Landmarks/Flanks/FlankSnow,true
FlankFir28,FP_Alpine_Fir_Medium,1.167,150.00,0.12,-22.40,-143.4,12.83,21.00,12.83,Stacked,Landmarks/Flanks/FlankSnow,true
FlankFir29,FP_Alpine_Fir_Tall,1.154,147.00,0.12,-6.00,-108.4,17.31,30.00,17.31,Stacked,Landmarks/Flanks/FlankSnow,true
FlankFir30,FP_Alpine_Fir_Tall,1.077,149.00,0.12,10.40,-73.5,16.15,28.00,16.15,Stacked,Landmarks/Flanks/FlankSnow,true
FlankFir31,FP_Alpine_Fir_Medium,1.111,151.00,0.12,26.80,-38.5,12.22,20.00,12.22,Stacked,Landmarks/Flanks/FlankSnow,true
FlankFir32,FP_Alpine_Fir_Tall,1.192,148.00,0.12,43.20,-3.6,17.88,31.00,17.88,Stacked,Landmarks/Flanks/FlankSnow,true
FlankFir33,FP_Alpine_Fir_Tall,1.115,150.00,0.12,59.60,31.4,16.73,29.00,16.73,Stacked,Landmarks/Flanks/FlankSnow,true
FlankFir34,FP_Alpine_Fir_Medium,1.056,147.00,0.12,76.00,66.3,11.61,19.00,11.61,Stacked,Landmarks/Flanks/FlankSnow,true
FlankFir35,FP_Alpine_Fir_Tall,1.231,149.00,0.12,92.40,101.3,18.46,32.00,18.46,Stacked,Landmarks/Flanks/FlankSnow,true
FlankFir36,FP_Alpine_Fir_Tall,1.038,160.00,0.12,-87.00,136.2,15.58,27.00,15.58,Stacked,Landmarks/Flanks/FlankSnow,true
FlankFir37,FP_Alpine_Fir_Tall,1.154,171.00,0.12,-70.60,171.2,17.31,30.00,17.31,Stacked,Landmarks/Flanks/FlankSnow,true
FlankFir38,FP_Alpine_Fir_Medium,1.222,170.00,0.12,-54.20,-153.9,13.44,22.00,13.44,Stacked,Landmarks/Flanks/FlankSnow,true
FlankFir39,FP_Alpine_Fir_Tall,1.154,169.00,0.12,-37.80,-118.9,17.31,30.00,17.31,Stacked,Landmarks/Flanks/FlankSnow,true
FlankFir40,FP_Alpine_Fir_Tall,1.038,168.00,0.12,-21.40,-84.0,15.58,27.00,15.58,Stacked,Landmarks/Flanks/FlankSnow,true
FlankFir41,FP_Alpine_Fir_Tall,1.154,167.00,0.12,-5.00,-49.0,17.31,30.00,17.31,Stacked,Landmarks/Flanks/FlankSnow,true
FlankFir42,FP_Alpine_Fir_Medium,1.222,166.00,0.12,11.40,-14.1,13.44,22.00,13.44,Stacked,Landmarks/Flanks/FlankSnow,true
FlankFir43,FP_Alpine_Fir_Tall,1.154,165.00,0.12,27.80,20.9,17.31,30.00,17.31,Stacked,Landmarks/Flanks/FlankSnow,true
FlankFir44,FP_Alpine_Fir_Tall,1.038,164.00,0.12,44.20,55.8,15.58,27.00,15.58,Stacked,Landmarks/Flanks/FlankSnow,true
FlankFir45,FP_Alpine_Fir_Tall,1.154,163.00,0.12,60.60,90.8,17.31,30.00,17.31,Stacked,Landmarks/Flanks/FlankSnow,true
FlankFir46,FP_Alpine_Fir_Medium,1.222,162.00,0.12,77.00,125.7,13.44,22.00,13.44,Stacked,Landmarks/Flanks/FlankSnow,true
GorgeRock01,FP_Alpine_Gorge_Rock,1.000,-132.30,0.30,49.00,0.0,12.00,11.00,50.00,Grounded,Ground,false
LanternPost01,FP_Alpine_Lantern_Post,0.850,126.50,5.80,33.00,0.0,2.04,5.95,2.55,Stacked,Walkways/TerraceSnow,false
LanternPost02,FP_Alpine_Lantern_Post,0.850,92.50,5.80,55.50,0.0,2.04,5.95,2.55,Stacked,Walkways/TerraceSnow,false
Lodge01,FP_Alpine_Lodge,1.000,113.50,5.80,58.50,0.0,40.00,30.00,24.00,Stacked,Walkways/TerraceSnow,false
NoticeBoard01,FP_Alpine_Notice_Board,1.000,89.50,5.80,63.00,-15.0,4.00,5.00,1.00,Stacked,Walkways/TerraceSnow,false
Pennant01,FP_Alpine_Pennant,0.850,90.51,5.80,38.95,0.0,4.25,9.35,0.85,Stacked,Walkways/TerraceSnow,false
Pennant02,FP_Alpine_Pennant,1.150,98.72,5.80,56.94,0.0,5.75,12.65,1.15,Stacked,Walkways/TerraceSnow,false
Plant01,FP_Alpine_Grass,0.550,130.80,0.30,-37.50,51.6,3.30,2.20,3.30,Grounded,Ground,false
Plant02,FP_Alpine_Grass,0.550,102.70,0.30,-32.30,103.1,3.30,2.20,3.30,Grounded,Ground,false
Plant03,FP_Alpine_Grass,0.550,116.90,0.30,-74.50,154.7,3.30,2.20,3.30,Grounded,Ground,false
Plant04,FP_Alpine_Grass,0.550,83.30,0.30,-77.30,-153.7,3.30,2.20,3.30,Grounded,Ground,false
Plant05,FP_Alpine_Frosted_Shrub,0.570,93.20,0.30,-4.40,-102.2,3.99,2.85,3.99,Grounded,Ground,false
Plant06,FP_Alpine_Frosted_Shrub,0.570,86.80,0.30,-66.60,-50.6,3.99,2.85,3.99,Grounded,Ground,false
Plant07,FP_Alpine_Grass,0.550,-96.30,0.30,-16.40,1.0,3.30,2.20,3.30,Grounded,Ground,false
Plant08,FP_Alpine_Grass,0.550,-120.60,0.30,-15.50,52.5,3.30,2.20,3.30,Grounded,Ground,false
Plant09,FP_Alpine_Grass,0.550,-82.20,0.30,-46.70,104.1,3.30,2.20,3.30,Grounded,Ground,false
Plant10,FP_Alpine_Grass,0.550,-93.60,0.30,-66.10,155.7,3.30,2.20,3.30,Grounded,Ground,false
Plant11,FP_Alpine_Grass,0.550,-123.50,0.30,-73.90,-152.8,3.30,2.20,3.30,Grounded,Ground,false
Plant12,FP_Alpine_Grass,0.550,-106.60,0.30,-81.20,-101.2,3.30,2.20,3.30,Grounded,Ground,false
Plant13,FP_Alpine_Frosted_Shrub,0.570,-97.60,0.30,-64.70,-49.6,3.99,2.85,3.99,Grounded,Ground,false
Plant14,FP_Alpine_Frosted_Shrub,0.570,-87.90,0.30,-49.00,1.9,3.99,2.85,3.99,Grounded,Ground,false
Plant15,FP_Alpine_Grass,0.550,-90.80,0.30,24.00,53.5,3.30,2.20,3.30,Grounded,Ground,false
Plant16,FP_Alpine_Grass,0.550,-81.60,0.30,42.50,105.1,3.30,2.20,3.30,Grounded,Ground,false
Plant17,FP_Alpine_Frosted_Shrub,0.570,-82.80,0.30,29.00,156.6,3.99,2.85,3.99,Grounded,Ground,false
Plant18,FP_Alpine_Grass,0.550,68.00,0.30,80.90,-151.8,3.30,2.20,3.30,Grounded,Ground,false
Plant19,FP_Alpine_Grass,0.550,57.50,0.30,68.00,-100.2,3.30,2.20,3.30,Grounded,Ground,false
Plant20,FP_Alpine_Grass,0.550,46.10,0.30,66.40,-48.7,3.30,2.20,3.30,Grounded,Ground,false
Plant21,FP_Alpine_Frosted_Shrub,0.570,67.70,0.30,69.60,2.9,3.99,2.85,3.99,Grounded,Ground,false
Plant22,FP_Alpine_Grass,0.550,25.00,0.30,85.80,54.5,3.30,2.20,3.30,Grounded,Ground,false
Plant23,FP_Alpine_Grass,0.550,-33.10,0.30,90.00,106.0,3.30,2.20,3.30,Grounded,Ground,false
Plant24,FP_Alpine_Grass,0.550,-36.10,0.30,69.60,157.6,3.30,2.20,3.30,Grounded,Ground,false
Plant25,FP_Alpine_Frosted_Shrub,0.570,-38.50,0.30,77.70,-150.8,3.99,2.85,3.99,Grounded,Ground,false
Plant26,FP_Alpine_Grass,0.550,-81.40,0.30,74.40,-99.3,3.30,2.20,3.30,Grounded,Ground,false
Plant27,FP_Alpine_Grass,0.550,81.10,0.30,22.00,-47.7,3.30,2.20,3.30,Grounded,Ground,false
Plant28,FP_Alpine_Grass,0.550,101.10,0.30,21.00,3.9,3.30,2.20,3.30,Grounded,Ground,false
Plant29,FP_Alpine_Grass,0.550,97.50,0.30,18.00,55.4,3.30,2.20,3.30,Grounded,Ground,false
Plant30,FP_Alpine_Grass,0.550,40.00,0.30,-86.00,107.0,3.30,2.20,3.30,Grounded,Ground,false
Plant31,FP_Alpine_Grass,0.550,60.00,0.30,-88.00,158.6,3.30,2.20,3.30,Grounded,Ground,false
Plant32,FP_Alpine_Grass,0.550,-40.00,0.30,-87.00,-149.9,3.30,2.20,3.30,Grounded,Ground,false
Plant33,FP_Alpine_Grass,0.550,-66.00,0.30,-88.00,-98.3,3.30,2.20,3.30,Grounded,Ground,false
Plant34,FP_Alpine_Frosted_Shrub,0.570,78.00,0.30,-88.00,-46.7,3.99,2.85,3.99,Grounded,Ground,false
Plant35,FP_Alpine_Frosted_Shrub,0.570,-74.00,0.30,-84.00,4.8,3.99,2.85,3.99,Grounded,Ground,false
Plant36,FP_Alpine_Grass,0.550,29.41,0.30,66.01,52.5,3.30,2.20,3.30,Grounded,Ground,false
Plant37,FP_Alpine_Frosted_Shrub,0.570,27.03,0.30,58.23,53.5,3.99,2.85,3.99,Grounded,Ground,false
Plant38,FP_Alpine_Grass,0.550,34.47,0.30,60.94,105.1,3.30,2.20,3.30,Grounded,Ground,false
Plant39,FP_Alpine_Grass,0.550,37.68,0.30,57.54,54.5,3.30,2.20,3.30,Grounded,Ground,false
Plant40,FP_Alpine_Grass,0.550,-74.19,0.30,64.89,55.4,3.30,2.20,3.30,Grounded,Ground,false
Plant41,FP_Alpine_Frosted_Shrub,0.570,-64.62,0.30,62.33,107.0,3.99,2.85,3.99,Grounded,Ground,false
Plant42,FP_Alpine_Frosted_Shrub,0.570,-32.04,0.30,72.16,56.4,3.99,2.85,3.99,Grounded,Ground,false
Plant43,FP_Alpine_Grass,0.550,-104.93,0.30,77.69,57.3,3.30,2.20,3.30,Grounded,Ground,false
Plant44,FP_Alpine_Grass,0.550,-99.07,0.30,77.69,108.9,3.30,2.20,3.30,Grounded,Ground,false
Plant45,FP_Alpine_Grass,0.550,95.53,0.30,-76.63,58.3,3.30,2.20,3.30,Grounded,Ground,false
Plant46,FP_Alpine_Frosted_Shrub,0.570,84.61,0.30,-84.89,59.3,3.99,2.85,3.99,Grounded,Ground,false
Plant47,FP_Alpine_Grass,0.550,93.19,0.30,-89.84,110.8,3.30,2.20,3.30,Grounded,Ground,false
Plant48,FP_Alpine_Grass,0.550,118.25,0.30,-58.78,60.2,3.30,2.20,3.30,Grounded,Ground,false
Plant49,FP_Alpine_Grass,0.550,118.60,0.30,-92.35,61.2,3.30,2.20,3.30,Grounded,Ground,false
Plant50,FP_Alpine_Frosted_Shrub,0.570,127.37,0.30,-90.80,112.8,3.99,2.85,3.99,Grounded,Ground,false
Plant51,FP_Alpine_Frosted_Shrub,0.570,111.33,0.30,-47.86,62.2,3.99,2.85,3.99,Grounded,Ground,false
Plant52,FP_Alpine_Grass,0.550,-107.68,0.30,-62.03,63.1,3.30,2.20,3.30,Grounded,Ground,false
Plant53,FP_Alpine_Grass,0.550,-94.03,0.30,-64.44,114.7,3.30,2.20,3.30,Grounded,Ground,false
Plant54,FP_Alpine_Grass,0.550,-108.57,0.30,-49.51,64.1,3.30,2.20,3.30,Grounded,Ground,false
Plant55,FP_Alpine_Frosted_Shrub,0.570,-124.85,0.30,-88.23,65.1,3.99,2.85,3.99,Grounded,Ground,false
Plant56,FP_Alpine_Grass,0.550,-113.02,0.30,-89.27,116.6,3.30,2.20,3.30,Grounded,Ground,false
Plant57,FP_Alpine_Grass,0.550,-122.22,0.30,-76.91,66.0,3.30,2.20,3.30,Grounded,Ground,false
Plant58,FP_Alpine_Frosted_Shrub,0.570,-86.57,0.30,-10.91,118.5,3.99,2.85,3.99,Grounded,Ground,false
Plant59,FP_Alpine_Frosted_Shrub,0.570,-96.96,0.30,-7.20,67.9,3.99,2.85,3.99,Grounded,Ground,false
Plant60,FP_Alpine_Grass,0.550,135.82,0.30,-21.90,155.7,3.30,2.20,3.30,Grounded,Ground,false
Plant61,FP_Alpine_Frosted_Shrub,0.570,94.80,0.30,-52.50,-48.7,3.99,2.85,3.99,Grounded,Ground,false
Plant62,FP_Alpine_Grass,0.550,117.60,0.30,-67.30,107.0,3.30,2.20,3.30,Grounded,Ground,false
Plant63,FP_Alpine_Frosted_Shrub,0.570,128.30,0.30,-88.50,-97.4,3.99,2.85,3.99,Grounded,Ground,false
Plant64,FP_Alpine_Grass,0.550,127.60,0.30,-1.00,58.3,3.30,2.20,3.30,Grounded,Ground,false
Plant65,FP_Alpine_Frosted_Shrub,0.570,118.20,0.30,-1.50,-146.0,3.99,2.85,3.99,Grounded,Ground,false
Plant66,FP_Alpine_Grass,0.550,74.00,0.30,-88.00,9.6,3.30,2.20,3.30,Grounded,Ground,false
Plant67,FP_Alpine_Frosted_Shrub,0.570,-45.90,0.30,-87.50,165.3,3.99,2.85,3.99,Grounded,Ground,false
Plant68,FP_Alpine_Grass,0.550,-81.20,0.30,-89.50,-39.0,3.30,2.20,3.30,Grounded,Ground,false
Plant69,FP_Alpine_Frosted_Shrub,0.570,42.60,0.30,84.50,116.6,3.99,2.85,3.99,Grounded,Ground,false
Plant70,FP_Alpine_Grass,0.550,50.30,0.30,92.50,-87.7,3.30,2.20,3.30,Grounded,Ground,false
Plant71,FP_Alpine_Grass,0.550,-53.80,0.30,74.20,-136.4,3.30,2.20,3.30,Grounded,Ground,false
Plant72,FP_Alpine_Frosted_Shrub,0.570,-90.70,0.30,72.50,19.3,3.99,2.85,3.99,Grounded,Ground,false
Plant73,FP_Alpine_Frosted_Shrub,0.570,-92.80,0.30,-43.00,-29.4,3.99,2.85,3.99,Grounded,Ground,false
Plant74,FP_Alpine_Grass,0.550,-111.90,0.30,-68.20,126.3,3.30,2.20,3.30,Grounded,Ground,false
Plant75,FP_Alpine_Frosted_Shrub,0.570,-126.30,0.30,-66.50,-78.1,3.99,2.85,3.99,Grounded,Ground,false
Plant76,FP_Alpine_Grass,0.550,-123.50,0.30,-32.20,77.6,3.30,2.20,3.30,Grounded,Ground,false
Plant77,FP_Alpine_Frosted_Shrub,0.570,-96.00,0.30,-21.10,-126.8,3.99,2.85,3.99,Grounded,Ground,false
Plant78,FP_Alpine_Grass,0.550,-81.60,0.30,-89.10,28.9,3.30,2.20,3.30,Grounded,Ground,false
Railing01,FP_Alpine_Railing,0.800,85.20,5.80,33.30,90.0,9.60,3.60,0.80,Stacked,Walkways/TerraceSnow,false
Railing02,FP_Alpine_Railing,0.800,85.20,5.80,42.90,90.0,9.60,3.60,0.80,Stacked,Walkways/TerraceSnow,false
Railing03,FP_Alpine_Railing,0.800,85.20,5.80,52.50,90.0,9.60,3.60,0.80,Stacked,Walkways/TerraceSnow,false
Railing04,FP_Alpine_Railing,0.800,85.20,5.80,62.10,90.0,9.60,3.60,0.80,Stacked,Walkways/TerraceSnow,false
Railing05,FP_Alpine_Railing,0.800,85.20,5.80,71.70,90.0,9.60,3.60,0.80,Stacked,Walkways/TerraceSnow,false
Railing06,FP_Alpine_Railing,0.677,-99.45,8.80,42.81,61.3,8.12,3.05,0.68,Stacked,Walkways/ShelfTop,false
Railing07,FP_Alpine_Railing,0.677,-103.35,8.80,49.94,61.3,8.12,3.05,0.68,Stacked,Walkways/ShelfTop,false
Rock01,FP_Alpine_Snow_Rock,1.000,36.80,0.30,68.90,30.0,11.00,6.00,9.00,Grounded,Ground,false
Rock02,FP_Alpine_Snow_Rock,0.800,29.00,0.30,64.40,-20.0,8.80,4.80,7.20,Grounded,Ground,false
Rock03,FP_Alpine_Snow_Rock_Small,1.000,40.50,0.30,60.60,10.0,5.00,3.50,4.50,Grounded,Ground,false
Rock04,FP_Alpine_Snow_Rock,1.000,-67.80,0.30,69.60,15.0,11.00,6.00,9.00,Grounded,Ground,false
Rock05,FP_Alpine_Snow_Rock_Small,1.400,-31.60,0.30,77.70,-30.0,7.00,4.90,6.30,Grounded,Ground,false
Rock06,FP_Alpine_Snow_Rock_Small,1.300,-102.00,0.30,82.00,0.0,6.50,4.55,5.85,Grounded,Ground,false
Rock07,FP_Alpine_Snow_Rock,1.000,102.30,0.30,-72.50,20.0,11.00,6.00,9.00,Grounded,Ground,false
Rock08,FP_Alpine_Snow_Rock,1.000,92.00,0.30,-82.00,30.0,11.00,6.00,9.00,Grounded,Ground,false
Rock09,FP_Alpine_Snow_Rock_Small,1.400,121.40,0.30,-54.20,0.0,7.00,4.90,6.30,Grounded,Ground,false
Rock10,FP_Alpine_Snow_Rock,0.900,122.00,0.30,-86.00,-10.0,9.90,5.40,8.10,Grounded,Ground,false
Rock11,FP_Alpine_Snow_Rock_Small,1.200,116.00,0.30,-46.50,40.0,6.00,4.20,5.40,Grounded,Ground,false
Rock12,FP_Alpine_Snow_Rock,1.400,-99.40,0.30,-55.00,10.0,15.40,8.40,12.60,Grounded,Ground,false
Rock13,FP_Alpine_Snow_Rock,1.000,-106.70,0.30,-41.80,-25.0,11.00,6.00,9.00,Grounded,Ground,false
Rock14,FP_Alpine_Snow_Rock,1.200,-118.30,0.30,-81.50,5.0,13.20,7.20,10.80,Grounded,Ground,false
Rock15,FP_Alpine_Snow_Rock_Small,1.500,-117.70,0.30,-73.10,15.0,7.50,5.25,6.75,Grounded,Ground,false
Rock16,FP_Alpine_Snow_Rock,1.300,-89.10,0.30,-1.10,25.0,14.30,7.80,11.70,Grounded,Ground,false
Rock17,FP_Alpine_Snow_Rock_Small,1.200,-95.40,0.30,-2.60,-15.0,6.00,4.20,5.40,Grounded,Ground,false
Rock18,FP_Alpine_Snow_Rock,1.000,-91.50,0.30,17.70,0.0,11.00,6.00,9.00,Grounded,Ground,false
Rock19,FP_Alpine_Snow_Rock_Small,1.000,-83.80,0.30,1.00,30.0,5.00,3.50,4.50,Grounded,Ground,false
ShelfNorth01,FP_Alpine_Shelf_North,1.000,-104.75,0.30,50.25,0.0,42.50,10.00,23.50,Grounded,Ground,false
ShelfSouth01,FP_Alpine_Shelf_South,1.000,-121.50,0.30,16.50,0.0,29.00,10.00,15.00,Grounded,Ground,false
Signpost01,FP_Alpine_Signpost,0.800,-88.00,8.80,40.00,-45.0,4.80,5.60,0.80,Stacked,Walkways/ShelfTop,false
Sled01,FP_Alpine_Camp_Sled,1.000,104.00,5.80,36.50,-10.0,5.00,2.00,3.00,Stacked,Walkways/TerraceSnow,false
Tent01,FP_Alpine_Tent,1.000,95.50,5.80,35.50,40.0,8.00,6.00,9.00,Stacked,Walkways/TerraceSnow,false
TerracePost01,FP_Alpine_Terrace_Post,1.000,109.50,0.30,29.00,0.0,2.00,7.50,2.00,Grounded,Ground,false
TerracePost02,FP_Alpine_Terrace_Post,1.000,121.50,0.30,29.00,0.0,2.00,7.50,2.00,Grounded,Ground,false
TerracePost03,FP_Alpine_Terrace_Post,1.000,85.50,0.30,29.00,0.0,2.00,7.50,2.00,Grounded,Ground,false
TerracePost04,FP_Alpine_Terrace_Post,0.500,-128.90,0.30,-5.05,0.0,1.00,3.75,1.00,Grounded,Ground,false
TerracePost05,FP_Alpine_Terrace_Post,0.500,-114.10,0.30,-5.05,0.0,1.00,3.75,1.00,Grounded,Ground,false
TrailPost01,FP_Alpine_Trail_Post,1.000,-15.25,0.30,-58.50,0.0,1.00,3.50,1.00,Grounded,Ground,false
TrailPost02,FP_Alpine_Trail_Post,1.000,-15.25,0.30,-39.00,0.0,1.00,3.50,1.00,Grounded,Ground,false
TrailPost03,FP_Alpine_Trail_Post,1.000,-15.25,0.30,-19.50,0.0,1.00,3.50,1.00,Grounded,Ground,false
TrailPost04,FP_Alpine_Trail_Post,1.000,-15.25,0.30,0.00,0.0,1.00,3.50,1.00,Grounded,Ground,false
TrailPost05,FP_Alpine_Trail_Post,1.000,-15.25,0.30,19.50,0.0,1.00,3.50,1.00,Grounded,Ground,false
TrailPost06,FP_Alpine_Trail_Post,1.000,-15.25,0.30,39.00,0.0,1.00,3.50,1.00,Grounded,Ground,false
TrailPost07,FP_Alpine_Trail_Post,1.000,-15.25,0.30,58.50,0.0,1.00,3.50,1.00,Grounded,Ground,false
TrailPost08,FP_Alpine_Trail_Post,1.000,15.25,0.30,-58.50,0.0,1.00,3.50,1.00,Grounded,Ground,false
TrailPost09,FP_Alpine_Trail_Post,1.000,15.25,0.30,-39.00,0.0,1.00,3.50,1.00,Grounded,Ground,false
TrailPost10,FP_Alpine_Trail_Post,1.000,15.25,0.30,-19.50,0.0,1.00,3.50,1.00,Grounded,Ground,false
TrailPost11,FP_Alpine_Trail_Post,1.000,15.25,0.30,0.00,0.0,1.00,3.50,1.00,Grounded,Ground,false
TrailPost12,FP_Alpine_Trail_Post,1.000,15.25,0.30,19.50,0.0,1.00,3.50,1.00,Grounded,Ground,false
TrailPost13,FP_Alpine_Trail_Post,1.000,15.25,0.30,39.00,0.0,1.00,3.50,1.00,Grounded,Ground,false
TrailPost14,FP_Alpine_Trail_Post,1.000,15.25,0.30,58.50,0.0,1.00,3.50,1.00,Grounded,Ground,false
Woodpile01,FP_Alpine_Woodpile,1.000,131.00,5.80,49.50,90.0,6.00,4.00,6.00,Stacked,Walkways/TerraceSnow,false
